Timestamp,Email,Satisfaction
1/9/2019 11:16:3,jack_torrence@acme.com,5
1/14/2019 17:3:20,talagbe@acme.com,5
6/30/2019 12:27:22,kennetht@acme.com,4
9/9/2019 12:30:8,cybarra@acme.com,2
11/1/2019 9:33:33,mia_brown@acme.com,4
11/6/2019 10:3:7,bradp@acme.com,1
1/6/2020 14:56:41,vito_corleone@acme.com,5
1/6/2020 15:23:21,afoster-baker@acme.com,3
1/7/2020 14:11:45,nsadki@acme.com,5
1/12/2020 12:56:55,kissys@acme.com,2
1/13/2020 12:3:15,jack_torrence@acme.com,5
1/14/2020 18:15:12,talagbe@acme.com,5
4/16/2020 15:41:19,jzamora@acme.com,3
4/30/2020 18:14:36,jgonzalez@acme.com,2
5/1/2020 10:38:49,desireet@acme.com,5
5/3/2020 13:42:53,amyd@acme.com,4
5/7/2020 7:37:59,lisag@acme.com,3
7/8/2020 17:26:27,lindab@acme.com,3
7/21/2020 17:16:44,mcorleone@acme.com,2
9/4/2020 14:9:50,cybarra@acme.com,1
9/5/2020 15:38:41,adils@acme.com,4
9/6/2020 18:5:57,philc@acme.com,4
9/27/2020 16:2:40,cstrong@acme.com,3
10/26/2020 12:8:6,ebonee_peterson@acme.com,5
11/1/2020 11:34:4,constance_sloan@acme.com,3
11/3/2020 14:4:2,mia_brown@acme.com,4
11/12/2020 14:16:37,bradp@acme.com,1
1/5/2021 9:9:23,afoster-baker@acme.com,2
1/5/2021 16:2:22,nsadki@acme.com,5
1/9/2021 18:59:52,kissys@acme.com,3
1/10/2021 16:2:0,vito_corleone@acme.com,5
1/10/2021 17:13:9,alain_robinson@acme.com,5
1/10/2021 17:20:55,hans_landa@acme.com,2
1/10/2021 18:31:23,john_kretschmer@acme.com,3
1/11/2021 15:10:36,scottw@acme.com,5
1/11/2021 18:41:57,cherly_robinson@acme.com,2
1/12/2021 9:8:57,talagbe@acme.com,4
1/12/2021 13:34:58,jack_torrence@acme.com,5
1/13/2021 10:27:51,edriver@acme.com,5
1/14/2021 15:26:0,betsy_bondwell@acme.com,5
1/14/2021 15:43:11,jjung@acme.com,5
1/14/2021 16:50:17,rbaczenski@acme.com,5
1/14/2021 18:21:11,msmith@acme.com,5
1/16/2021 9:59:8,barbarams@acme.com,4
1/16/2021 14:26:41,cybil_trzeciak@acme.com,4
1/17/2021 14:46:4,thendrickson@acme.com,4
1/22/2021 15:52:47,llindsay@acme.com,3
2/11/2021 16:18:7,npanjwani@acme.com,5
2/22/2021 15:18:15,nbates@acme.com,4
2/23/2021 9:3:48,ming_huynh@acme.com,5
2/25/2021 15:19:31,pgross@acme.com,5
2/27/2021 14:17:48,squinn@acme.com,4
3/14/2021 13:0:13,fkreuger@acme.com,4
4/4/2021 14:24:54,diannab@acme.com,2
4/6/2021 9:14:3,brossetti@acme.com,5
4/6/2021 11:8:42,courtneyb@acme.com,5
4/7/2021 16:48:58,tanyaf@acme.com,4
4/9/2021 9:12:14,benjaminb@acme.com,4
4/9/2021 9:59:19,carla_demita@acme.com,5
4/11/2021 8:58:7,mariannee@acme.com,3
4/16/2021 8:4:14,jzamora@acme.com,3
4/18/2021 13:6:25,jasonf@acme.com,5
4/28/2021 15:31:26,amyd@acme.com,5
5/1/2021 14:21:28,lisag@acme.com,3
5/17/2021 10:22:37,jenniferc@acme.com,5
5/18/2021 8:8:39,thomasr@acme.com,5
5/18/2021 17:42:44,mpower@acme.com,4
5/20/2021 11:34:50,barbarag@acme.com,4
5/20/2021 14:24:40,jamesd@acme.com,3
5/21/2021 11:40:36,shakirap@acme.com,5
5/21/2021 14:3:6,lpeters@acme.com,5
5/21/2021 14:14:56,barry_wilber@acme.com,2
5/22/2021 8:7:36,michael_fitzpatrick@acme.com,4
5/23/2021 16:22:24,lenora_tejeda@acme.com,5
6/2/2021 16:32:47,shana_maurice@acme.com,3
6/17/2021 15:25:43,julias@acme.com,4
7/2/2021 14:50:46,enolac@acme.com,4
7/5/2021 9:7:51,wadinolfi@acme.com,3
7/6/2021 13:57:28,marilyn_linares@acme.com,1
7/6/2021 15:17:4,tjeannite@acme.com,1
7/6/2021 16:5:2,hongp@acme.com,4
7/6/2021 17:3:50,erminep@acme.com,5
7/8/2021 17:36:26,karenm@acme.com,3
7/9/2021 17:17:52,jackiev@acme.com,3
7/11/2021 18:5:9,lindab@acme.com,3
7/11/2021 19:9:34,stheamstern@acme.com,4
7/12/2021 13:52:31,sakinkuolie@acme.com,4
7/14/2021 12:42:27,cayo_gonzalez@acme.com,5
7/15/2021 15:47:21,scole@acme.com,4
7/17/2021 14:9:45,canderson@acme.com,5
7/27/2021 10:15:50,mcorleone@acme.com,2
8/2/2021 8:4:51,vincentv@acme.com,3
8/17/2021 15:33:34,max_cady@acme.com,2
8/18/2021 12:39:15,jessica_bunbury@acme.com,5
8/19/2021 8:24:13,nmiller@acme.com,3
8/30/2021 10:21:25,adils@acme.com,4
9/6/2021 9:55:32,maruk_fraval@acme.com,2
9/7/2021 18:55:9,cybarra@acme.com,2
9/26/2021 8:18:53,kathleenk@acme.com,5
9/26/2021 11:20:4,alexandrak@acme.com,5
9/27/2021 8:51:4,dallasl@acme.com,4
9/27/2021 16:37:25,cvolk@acme.com,4
10/1/2021 10:6:16,qrarrick@acme.com,4
10/2/2021 12:40:9,cndzi@acme.com,2
10/2/2021 13:47:17,leigh_smith@acme.com,3
10/3/2021 19:2:24,cstrong@acme.com,3
10/9/2021 9:15:12,ccierpiszewski@acme.com,5
10/27/2021 13:2:26,mia_brown@acme.com,4
10/29/2021 15:6:9,constance_sloan@acme.com,3
10/30/2021 10:30:10,ebonee_peterson@acme.com,4
11/7/2021 13:15:58,ddavis@acme.com,2
11/10/2021 7:29:54,bradp@acme.com,1
11/11/2021 9:13:52,erasumus_monkfish@acme.com,3
11/11/2021 9:23:47,llynch@acme.com,4
11/13/2021 9:32:40,melisag@acme.com,4
11/13/2021 11:34:29,lucas_patronick@acme.com,3
11/13/2021 15:54:58,susan_ferguson@acme.com,1
11/14/2021 9:5:45,donyshak@acme.com,5
11/14/2021 15:8:33,georgej@acme.com,3
12/4/2021 13:16:5,hrivera@acme.com,5
12/5/2021 7:59:23,joanneh@acme.com,4
1/5/2022 15:31:44,nsadki@acme.com,5
1/7/2022 10:28:32,afoster-baker@acme.com,2
1/8/2022 12:15:26,kissys@acme.com,3
1/9/2022 11:18:8,jack_torrence@acme.com,4
1/9/2022 13:54:17,pmoran@acme.com,4
1/9/2022 16:32:20,talagbe@acme.com,4
1/10/2022 13:1:10,cherly_robinson@acme.com,2
1/10/2022 15:47:31,scottw@acme.com,5
1/10/2022 17:35:50,john_kretschmer@acme.com,3
1/11/2022 9:0:48,cybil_trzeciak@acme.com,4
1/11/2022 10:5:21,vito_corleone@acme.com,5
1/11/2022 10:57:51,hans_landa@acme.com,3
1/11/2022 11:38:33,kdel_bosque@acme.com,4
1/11/2022 12:21:46,ricardo_ruiz@acme.com,4
1/12/2022 14:58:59,jwilliams@acme.com,2
1/12/2022 18:21:43,lfidelia@acme.com,4
1/12/2022 18:33:31,betsy_bondwell@acme.com,5
1/13/2022 10:27:43,rbaczenski@acme.com,5
1/13/2022 14:35:38,jjung@acme.com,5
1/15/2022 8:51:37,christieh@acme.com,1
1/15/2022 11:39:36,barbarams@acme.com,5
1/15/2022 17:10:51,xpotts@acme.com,4
1/15/2022 19:2:23,alain_robinson@acme.com,5
1/16/2022 11:39:16,msmith@acme.com,5
1/16/2022 16:59:24,edriver@acme.com,5
1/16/2022 19:7:49,landerson@acme.com,4
1/28/2022 12:54:21,llindsay@acme.com,3
2/20/2022 11:19:24,taylors@acme.com,1
2/21/2022 10:9:50,jhudson@acme.com,4
2/21/2022 18:13:0,peterm@acme.com,1
2/25/2022 15:28:41,jenna_dietrich@acme.com,1
2/25/2022 17:45:38,nbates@acme.com,4
2/26/2022 9:36:12,francesco_barone@acme.com,3
2/28/2022 17:30:11,squinn@acme.com,3
3/6/2022 10:27:53,jburke@acme.com,3
3/6/2022 17:40:12,noahv@acme.com,1
3/8/2022 19:8:56,mguilianno@acme.com,4
3/14/2022 13:54:5,fkreuger@acme.com,4
4/2/2022 12:56:9,denisa_dobrin@acme.com,5
4/2/2022 14:22:53,seanb@acme.com,2
4/4/2022 12:24:10,mohammed_latif@acme.com,3
4/4/2022 16:25:2,emeads@acme.com,5
4/4/2022 17:15:8,shana_petingill@acme.com,5
4/5/2022 15:7:43,thomas_barbara@acme.com,2
4/6/2022 13:43:2,mariannee@acme.com,3
4/6/2022 18:4:14,alexg@acme.com,3
4/7/2022 13:7:38,courtneyb@acme.com,5
4/8/2022 7:59:3,carla_demita@acme.com,5
4/8/2022 10:40:25,brossetti@acme.com,4
4/8/2022 12:3:24,dbrill@acme.com,4
4/9/2022 18:1:26,miguele@acme.com,3
4/10/2022 7:35:44,diannab@acme.com,2
4/11/2022 13:42:19,benjaminb@acme.com,5
4/16/2022 13:43:4,jzamora@acme.com,3
4/20/2022 13:0:30,jasonf@acme.com,5
4/27/2022 18:33:59,amyd@acme.com,4
5/1/2022 11:45:22,gleruth@acme.com,3
5/6/2022 9:41:49,lisag@acme.com,3
5/15/2022 13:34:54,barbara_sutwell@acme.com,5
5/17/2022 7:22:0,barry_wilber@acme.com,3
5/18/2022 10:11:15,anton_chigurh@acme.com,5
5/18/2022 13:19:48,shakirap@acme.com,5
5/18/2022 13:24:43,mpower@acme.com,4
5/18/2022 13:50:45,barbarag@acme.com,4
5/19/2022 12:40:16,lenora_tejeda@acme.com,5
5/19/2022 15:43:35,hlecter@acme.com,1
5/21/2022 9:35:50,thomasr@acme.com,4
5/22/2022 9:37:50,jamesd@acme.com,3
6/1/2022 8:18:53,shana_maurice@acme.com,4
6/10/2022 8:3:20,julias@acme.com,4
7/3/2022 9:51:11,davidg@acme.com,1
7/4/2022 11:42:4,enolac@acme.com,4
7/6/2022 8:21:49,jackiev@acme.com,3
7/6/2022 9:52:55,marilyn_linares@acme.com,1
7/6/2022 16:57:55,erminep@acme.com,5
7/6/2022 18:45:57,tjeannite@acme.com,1
7/7/2022 8:7:25,jdarson@acme.com,4
7/7/2022 9:37:48,wadinolfi@acme.com,3
7/8/2022 13:30:2,jking@acme.com,4
7/11/2022 7:16:26,canderson@acme.com,4
7/11/2022 14:32:2,stheamstern@acme.com,4
7/12/2022 8:58:27,lindab@acme.com,3
7/12/2022 16:14:29,cayo_gonzalez@acme.com,5
7/14/2022 17:25:18,enricol@acme.com,5
7/16/2022 16:46:39,scole@acme.com,4
7/20/2022 10:11:7,mcorleone@acme.com,2
8/5/2022 8:55:37,vincentv@acme.com,2
8/14/2022 7:38:12,aveera@acme.com,2
8/14/2022 15:22:15,aheitzman@acme.com,2
8/17/2022 18:8:49,theresa_wallace@acme.com,3
8/20/2022 7:23:30,max_cady@acme.com,3
8/21/2022 8:36:23,bmiller@acme.com,4
9/3/2022 18:18:1,adils@acme.com,4
9/5/2022 17:9:36,rick_clayton@acme.com,5
9/9/2022 16:6:6,cybarra@acme.com,2
9/12/2022 7:57:16,maruk_fraval@acme.com,2
9/26/2022 7:17:22,nbarton@acme.com,5
9/27/2022 12:48:39,dallasl@acme.com,3
9/28/2022 16:24:51,kathleenk@acme.com,4
10/1/2022 8:37:2,smaclennan@acme.com,4
10/1/2022 18:26:58,cvolk@acme.com,4
10/2/2022 12:10:24,qrarrick@acme.com,4
10/3/2022 13:12:47,kspirea@acme.com,4
10/4/2022 12:23:37,ccierpiszewski@acme.com,5
10/4/2022 14:3:31,cstrong@acme.com,4
10/29/2022 12:13:53,constance_sloan@acme.com,3
10/30/2022 18:4:55,ebonee_peterson@acme.com,5
11/1/2022 11:19:32,mia_brown@acme.com,4
11/7/2022 12:3:1,erasumus_monkfish@acme.com,3
11/8/2022 8:46:15,melisag@acme.com,4
11/8/2022 11:14:33,mjackson@acme.com,5
11/9/2022 18:55:54,llynch@acme.com,4
11/11/2022 9:8:7,bradp@acme.com,1
11/12/2022 12:5:20,georgej@acme.com,3
11/12/2022 12:47:22,ddavis@acme.com,2
11/12/2022 18:5:9,adells@acme.com,3
11/13/2022 14:23:5,susan_ferguson@acme.com,1
11/13/2022 15:55:13,lucas_patronick@acme.com,3
12/3/2022 11:0:5,joanneh@acme.com,4
12/5/2022 9:15:31,hrivera@acme.com,5
1/5/2023 12:17:14,vito_corleone@acme.com,5
1/7/2023 18:6:0,nsadki@acme.com,5
1/8/2023 11:56:5,sandy_mckenna@acme.com,3
1/8/2023 15:34:32,talagbe@acme.com,4
1/9/2023 11:54:49,ricardo_ruiz@acme.com,4
1/9/2023 13:11:16,afoster-baker@acme.com,2
1/9/2023 18:27:37,kissys@acme.com,4
1/10/2023 10:59:15,lily_dinocco@acme.com,4
1/10/2023 12:15:42,jack_torrence@acme.com,4
1/10/2023 12:22:12,lfidelia@acme.com,4
1/10/2023 13:16:2,barbarams@acme.com,5
1/10/2023 16:44:46,pmoran@acme.com,4
1/11/2023 8:53:17,cherly_robinson@acme.com,3
1/11/2023 17:22:51,john_kretschmer@acme.com,3
1/12/2023 12:9:22,jwinthrop@acme.com,3
1/13/2023 8:14:24,kdel_bosque@acme.com,4
1/13/2023 17:11:32,rbaczenski@acme.com,5
1/14/2023 8:49:6,xpotts@acme.com,4
1/14/2023 8:53:26,alain_robinson@acme.com,5
1/14/2023 9:8:20,landerson@acme.com,5
1/14/2023 10:8:1,christieh@acme.com,2
1/15/2023 17:1:31,hans_landa@acme.com,3
1/16/2023 16:31:45,edriver@acme.com,5
1/17/2023 9:45:41,jjung@acme.com,4
1/17/2023 9:55:21,msmith@acme.com,5
1/24/2023 9:48:2,sroup@acme.com,4
1/26/2023 10:26:51,llindsay@acme.com,3
2/21/2023 8:51:14,jeanettet@acme.com,5
2/21/2023 13:55:34,jhudson@acme.com,4
2/22/2023 9:51:18,peterm@acme.com,1
2/24/2023 10:58:59,edward_true@acme.com,1
2/25/2023 14:34:42,francesco_barone@acme.com,3
2/25/2023 18:29:23,taylors@acme.com,1
2/27/2023 15:45:51,jenna_dietrich@acme.com,1
2/28/2023 17:17:25,nbates@acme.com,3
3/7/2023 8:25:35,noahv@acme.com,1
3/9/2023 9:38:21,jburke@acme.com,4
3/12/2023 18:13:15,fkreuger@acme.com,4
4/1/2023 10:21:21,dawn_motlagh@acme.com,4
4/2/2023 13:39:24,thomas_barbara@acme.com,2
4/3/2023 8:51:40,alexg@acme.com,3
4/3/2023 17:15:26,emeads@acme.com,5
4/4/2023 7:35:9,benjaminb@acme.com,5
4/5/2023 7:41:4,horia_ndzi@acme.com,1
4/5/2023 12:20:11,diannab@acme.com,2
4/5/2023 15:38:42,courtneyb@acme.com,5
4/6/2023 13:50:20,shana_petingill@acme.com,5
4/6/2023 15:13:51,seanb@acme.com,3
4/7/2023 15:47:27,denisa_dobrin@acme.com,5
4/8/2023 7:53:4,sharin@acme.com,3
4/8/2023 14:19:43,mariannee@acme.com,3
4/8/2023 15:50:51,miguele@acme.com,3
4/10/2023 18:50:19,brossetti@acme.com,4
4/11/2023 7:57:3,carla_demita@acme.com,5
4/15/2023 7:21:2,jasonf@acme.com,5
4/16/2023 10:1:19,jzamora@acme.com,3
5/2/2023 8:40:44,amyd@acme.com,4
5/6/2023 15:25:14,lisag@acme.com,2
5/7/2023 9:40:29,gleruth@acme.com,3
5/13/2023 14:29:29,ksquatrito@acme.com,3
5/13/2023 18:6:22,luisam@acme.com,3
5/14/2023 13:48:42,anton_chigurh@acme.com,5
5/15/2023 17:45:52,barbara_sutwell@acme.com,5
5/16/2023 8:28:44,malikim@acme.com,5
5/17/2023 10:22:48,barry_wilber@acme.com,2
5/17/2023 15:18:6,thomasr@acme.com,4
5/18/2023 7:54:21,barbarag@acme.com,4
5/19/2023 9:12:41,jamesd@acme.com,4
5/19/2023 9:48:40,hlecter@acme.com,1
5/20/2023 18:20:34,lenora_tejeda@acme.com,5
5/23/2023 8:6:22,mpower@acme.com,4
5/31/2023 7:41:49,shana_maurice@acme.com,4
6/14/2023 13:34:31,julias@acme.com,5
7/4/2023 14:31:28,enolac@acme.com,4
7/4/2023 18:35:30,jking@acme.com,4
7/6/2023 10:12:53,jdarson@acme.com,4
7/8/2023 8:4:4,davidg@acme.com,1
7/8/2023 14:45:50,susanl@acme.com,5
7/8/2023 17:4:51,marilyn_linares@acme.com,1
7/8/2023 17:34:9,jackiev@acme.com,3
7/9/2023 7:16:53,eliasr@acme.com,5
7/10/2023 14:13:28,lei-mingn@acme.com,5
7/10/2023 19:7:33,lindab@acme.com,3
7/11/2023 7:45:11,wadinolfi@acme.com,3
7/11/2023 8:3:26,scole@acme.com,4
7/11/2023 11:17:18,tjeannite@acme.com,1
7/12/2023 14:45:22,stheamstern@acme.com,4
7/12/2023 15:47:4,erminep@acme.com,5
7/13/2023 9:14:36,scottb@acme.com,4
7/13/2023 11:16:12,donovan_chang@acme.com,5
7/13/2023 15:29:42,enricol@acme.com,5
7/13/2023 17:48:14,mathewl@acme.com,2
7/14/2023 9:51:30,cayo_gonzalez@acme.com,5
7/14/2023 12:6:34,mmyers@acme.com,5
7/15/2023 17:5:30,dheepan@acme.com,5
7/15/2023 18:18:43,jcockel@acme.com,4
7/18/2023 9:15:9,canderson@acme.com,4
7/21/2023 15:31:20,mcorleone@acme.com,2
8/7/2023 11:19:29,vincentv@acme.com,3
8/13/2023 10:29:13,aheitzman@acme.com,2
8/17/2023 18:12:37,aveera@acme.com,3
8/19/2023 17:38:3,roxana_goyal@acme.com,5
8/20/2023 14:8:55,max_cady@acme.com,4
8/20/2023 15:32:18,rose_ivey@acme.com,3
8/21/2023 11:24:57,bmiller@acme.com,4
8/22/2023 9:12:57,bkhemmich@acme.com,5
8/22/2023 15:12:29,lowanmb@acme.com,1
8/25/2023 16:36:58,sshields@acme.com,5
8/26/2023 17:31:53,lisa_lunquist@acme.com,5
9/3/2023 17:57:59,cybarra@acme.com,2
9/5/2023 11:56:46,rick_clayton@acme.com,5
9/6/2023 18:26:39,adils@acme.com,4
9/8/2023 18:5:59,maruk_fraval@acme.com,2
9/24/2023 15:9:0,nbarton@acme.com,5
9/26/2023 7:40:34,smaclennan@acme.com,4
9/27/2023 13:1:17,kathleenk@acme.com,4
9/29/2023 11:13:20,cstrong@acme.com,4
9/30/2023 7:17:46,pgosciminski@acme.com,2
9/30/2023 9:43:21,qrarrick@acme.com,3
10/1/2023 16:54:27,dallasl@acme.com,3
10/2/2023 12:52:56,cvolk@acme.com,4
10/2/2023 15:52:58,ketsia_liebig@acme.com,5
10/2/2023 15:58:58,noris@acme.com,5
10/2/2023 16:15:41,sam_athwal@acme.com,4
10/3/2023 15:23:57,hjacobi@acme.com,5
10/4/2023 10:40:1,jonque@acme.com,4
10/4/2023 17:21:48,ccierpiszewski@acme.com,5
10/5/2023 17:29:31,aosturnka@acme.com,3
10/7/2023 13:11:35,kramer_keatts@acme.com,4
10/7/2023 14:30:4,kspirea@acme.com,4
10/27/2023 9:39:4,ebonee_peterson@acme.com,5
11/2/2023 13:9:44,constance_sloan@acme.com,3
11/3/2023 9:57:17,mia_brown@acme.com,4
11/5/2023 16:12:42,bradp@acme.com,1
11/6/2023 8:16:5,adells@acme.com,4
11/7/2023 15:48:59,erasumus_monkfish@acme.com,2
11/9/2023 12:19:16,melisag@acme.com,4
11/9/2023 17:25:32,lucas_patronick@acme.com,3
11/10/2023 14:8:47,mjackson@acme.com,5
11/10/2023 18:50:51,ddavis@acme.com,2
11/11/2023 13:38:31,georgej@acme.com,3
11/11/2023 14:45:47,judith_carabbio@acme.com,4
11/11/2023 15:51:4,sandram@acme.com,5
11/12/2023 13:33:40,earnest_hankard@acme.com,4
11/12/2023 17:47:35,debbiem@acme.com,3
11/13/2023 18:30:10,llynch@acme.com,4
11/14/2023 13:28:8,susan_ferguson@acme.com,1
11/15/2023 8:56:26,sheniceg@acme.com,5
11/17/2023 15:39:11,ssmith@acme.com,3
11/18/2023 16:47:47,josephineb@acme.com,5
12/3/2023 12:20:6,hrivera@acme.com,5
12/4/2023 8:7:29,joanneh@acme.com,4
1/5/2024 10:6:50,edougall@acme.com,5
1/5/2024 16:51:34,vito_corleone@acme.com,5
1/6/2024 10:32:40,wlarotonda@acme.com,5
1/8/2024 15:53:48,afoster-baker@acme.com,2
1/9/2024 9:8:44,jack_torrence@acme.com,4
1/9/2024 13:11:38,lfidelia@acme.com,4
1/9/2024 13:33:7,snehaj@acme.com,4
1/10/2024 17:56:46,barbarams@acme.com,5
1/11/2024 7:37:19,sandy_mckenna@acme.com,2
1/11/2024 10:29:8,jjung@acme.com,4
1/11/2024 10:56:5,lily_dinocco@acme.com,4
1/11/2024 11:0:31,nsadki@acme.com,5
1/11/2024 12:7:11,landerson@acme.com,5
1/11/2024 12:12:36,msmith@acme.com,5
1/11/2024 12:59:44,louisp@acme.com,5
1/11/2024 13:56:24,talagbe@acme.com,4
1/12/2024 14:47:21,arose@acme.com,3
1/12/2024 17:43:4,pmoran@acme.com,5
1/13/2024 7:52:28,lmahoney@acme.com,2
1/13/2024 13:12:23,jwinthrop@acme.com,3
1/14/2024 10:13:9,cherly_robinson@acme.com,3
1/14/2024 16:18:39,edriver@acme.com,5
1/14/2024 17:52:5,rbaczenski@acme.com,5
1/15/2024 13:38:49,kissys@acme.com,3
1/15/2024 18:0:3,kdel_bosque@acme.com,4
1/16/2024 17:14:22,xpotts@acme.com,4
1/17/2024 9:40:7,john_kretschmer@acme.com,3
1/20/2024 19:8:48,sroup@acme.com,3
1/25/2024 9:4:6,llindsay@acme.com,3
2/17/2024 10:54:44,clintono@acme.com,4
2/17/2024 12:44:10,peterm@acme.com,1
2/17/2024 12:52:52,bknapp@acme.com,2
2/18/2024 11:11:18,meit@acme.com,5
2/19/2024 9:11:50,nfancett@acme.com,4
2/20/2024 9:31:41,frank_booth@acme.com,5
2/20/2024 18:10:42,jeanettet@acme.com,5
2/21/2024 13:26:56,francesco_barone@acme.com,3
2/21/2024 14:58:11,edward_true@acme.com,2
2/21/2024 17:34:38,taylors@acme.com,1
2/22/2024 10:15:55,april_evensen@acme.com,3
2/22/2024 13:13:54,jenna_dietrich@acme.com,1
2/23/2024 10:40:10,ricks@acme.com,3
2/24/2024 11:47:27,nbates@acme.com,4
2/26/2024 15:24:32,jhudson@acme.com,5
3/7/2024 9:2:33,noahv@acme.com,1
3/7/2024 9:40:47,jburke@acme.com,4
3/8/2024 10:14:25,fkreuger@acme.com,4
4/1/2024 16:27:7,rex_england@acme.com,2
4/1/2024 18:8:0,lynn_o'hare@acme.com,1
4/2/2024 8:9:9,sharin@acme.com,3
4/2/2024 18:0:35,michael_carey@acme.com,1
4/3/2024 13:46:25,dawn_motlagh@acme.com,4
4/4/2024 7:18:15,benjaminb@acme.com,5
4/5/2024 10:40:56,courtneyb@acme.com,5
4/6/2024 13:53:34,horia_ndzi@acme.com,1
4/7/2024 7:43:24,emeads@acme.com,5
4/7/2024 8:11:5,brossetti@acme.com,4
4/7/2024 12:31:51,seanb@acme.com,2
4/7/2024 15:47:36,denisa_dobrin@acme.com,5
4/8/2024 9:20:4,mariannee@acme.com,3
4/8/2024 13:38:3,shana_petingill@acme.com,5
4/8/2024 17:52:30,thomas_barbara@acme.com,2
4/9/2024 15:57:16,diannab@acme.com,2
4/9/2024 19:10:11,miguele@acme.com,3
4/17/2024 17:54:3,jzamora@acme.com,4
4/22/2024 8:54:54,jasonf@acme.com,5
4/30/2024 18:13:38,amyd@acme.com,3
5/3/2024 18:38:23,gleruth@acme.com,3
5/5/2024 12:4:13,debra_houlihan@acme.com,3
5/5/2024 13:23:0,lynn_daneault@acme.com,5
5/7/2024 18:8:7,lisag@acme.com,2
5/12/2024 14:8:19,richardn@acme.com,4
5/14/2024 9:3:33,linc@acme.com,4
5/14/2024 9:46:20,normans@acme.com,2
5/14/2024 13:4:18,anton_chigurh@acme.com,5
5/14/2024 17:33:6,kren@acme.com,3
5/15/2024 8:45:13,malikim@acme.com,5
5/15/2024 15:26:0,luisam@acme.com,3
5/15/2024 18:4:58,barbara_sutwell@acme.com,5
5/15/2024 18:38:33,kara_harrison@acme.com,3
5/15/2024 18:46:58,susang@acme.com,3
5/16/2024 12:57:48,lenora_tejeda@acme.com,5
5/17/2024 9:8:2,barbarag@acme.com,4
5/17/2024 14:40:34,geoffd@acme.com,4
5/17/2024 18:17:10,jamesd@acme.com,5
5/18/2024 18:2:22,mpower@acme.com,4
5/19/2024 13:49:51,hlecter@acme.com,1
5/25/2024 16:19:9,johns@acme.com,5
6/1/2024 17:16:9,shana_maurice@acme.com,4
6/15/2024 18:51:19,julias@acme.com,5
7/4/2024 12:55:4,jdarson@acme.com,4
7/5/2024 8:50:27,jackiev@acme.com,3
7/5/2024 10:39:45,marilyn_linares@acme.com,1
7/6/2024 8:35:16,lindab@acme.com,3
7/7/2024 15:46:12,yjohnston@acme.com,1
7/8/2024 9:55:44,rbecker@acme.com,4
7/8/2024 12:58:54,tjeannite@acme.com,1
7/8/2024 13:35:49,jking@acme.com,4
7/8/2024 16:53:24,dheepan@acme.com,5
7/8/2024 18:48:25,davidg@acme.com,1
7/9/2024 17:55:35,susanl@acme.com,5
7/10/2024 11:18:55,scottb@acme.com,4
7/10/2024 17:42:53,enricol@acme.com,5
7/11/2024 9:56:44,carld@acme.com,4
7/11/2024 13:4:5,stheamstern@acme.com,4
7/12/2024 7:24:10,angela_erilus@acme.com,4
7/12/2024 11:32:13,mathewl@acme.com,3
7/12/2024 13:46:51,wadinolfi@acme.com,3
7/12/2024 16:4:41,mmyers@acme.com,5
7/13/2024 10:41:50,andrew_szabo@acme.com,5
7/13/2024 14:48:2,megan_faller@acme.com,4
7/13/2024 15:10:12,donovan_chang@acme.com,5
7/13/2024 19:8:39,helenb@acme.com,2
7/14/2024 8:39:42,eliasr@acme.com,5
7/14/2024 10:23:30,lei-mingn@acme.com,5
7/14/2024 10:45:40,jasonw@acme.com,4
7/14/2024 15:42:46,canderson@acme.com,4
7/14/2024 17:2:20,scole@acme.com,3
7/15/2024 18:53:40,jcockel@acme.com,4
7/18/2024 16:38:3,cayo_gonzalez@acme.com,5
7/26/2024 7:39:34,mcorleone@acme.com,3
8/5/2024 8:12:29,vincentv@acme.com,3
8/15/2024 8:35:10,aheitzman@acme.com,2
8/16/2024 17:22:46,bmiller@acme.com,4
8/17/2024 18:24:25,max_cady@acme.com,3
8/18/2024 19:7:46,aveera@acme.com,4
8/19/2024 10:6:58,lowanmb@acme.com,1
8/19/2024 12:5:10,rwalker@acme.com,5
8/19/2024 17:31:53,sshields@acme.com,5
8/19/2024 18:43:51,roxana_goyal@acme.com,5
8/20/2024 12:52:49,lisa_lunquist@acme.com,5
8/20/2024 13:9:28,michellec@acme.com,4
8/21/2024 16:31:13,rose_ivey@acme.com,2
8/22/2024 8:11:14,bkhemmich@acme.com,5
8/23/2024 9:24:11,ahitchcock@acme.com,4
8/30/2024 9:29:46,adils@acme.com,4
9/8/2024 12:51:12,rick_clayton@acme.com,4
9/12/2024 8:6:13,maruk_fraval@acme.com,2
9/22/2024 11:16:45,amyd@acme.com,5
9/24/2024 13:58:26,nbarton@acme.com,5
9/26/2024 7:19:49,smaclennan@acme.com,4
9/28/2024 11:37:38,dallasl@acme.com,2
9/29/2024 11:6:38,colleen_zima@acme.com,5
9/29/2024 12:27:54,sterry@acme.com,1
9/29/2024 15:44:4,hang_wolk@acme.com,5
9/30/2024 8:17:51,cstrong@acme.com,4
9/30/2024 10:24:45,pgosciminski@acme.com,2
9/30/2024 14:33:55,jbuccheri@acme.com,2
9/30/2024 15:34:21,qrarrick@acme.com,4
9/30/2024 18:22:59,bchace@acme.com,5
10/1/2024 10:25:8,aosturnka@acme.com,3
10/1/2024 11:49:2,hjacobi@acme.com,5
10/1/2024 11:55:37,sam_athwal@acme.com,4
10/1/2024 14:17:54,kramer_keatts@acme.com,4
10/2/2024 9:3:44,ketsia_liebig@acme.com,5
10/2/2024 11:30:41,adelarge@acme.com,4
10/2/2024 13:0:10,evelyng@acme.com,4
10/3/2024 12:18:34,kamrins@acme.com,5
10/3/2024 14:23:24,aforrest@acme.com,4
10/3/2024 17:8:11,anitas@acme.com,3
10/4/2024 9:54:54,noris@acme.com,5
10/4/2024 10:49:19,jonque@acme.com,4
10/4/2024 12:36:19,ccierpiszewski@acme.com,5
10/4/2024 17:57:58,kspirea@acme.com,4
10/6/2024 12:10:35,tyrone_steans@acme.com,4
10/6/2024 15:3:43,joe_smith@acme.com,4
10/30/2024 18:13:32,mia_brown@acme.com,4
11/7/2024 7:14:3,georgej@acme.com,4
11/7/2024 14:33:0,adells@acme.com,4
11/8/2024 9:49:37,ddavis@acme.com,2
11/9/2024 13:23:46,susan_ferguson@acme.com,1
11/9/2024 13:56:56,mjackson@acme.com,4
11/10/2024 10:55:57,knowlan@acme.com,5
11/10/2024 17:0:27,bradp@acme.com,1
11/10/2024 18:51:8,ann_daniele@acme.com,5
11/11/2024 11:16:0,hector_barbossa@acme.com,4
11/11/2024 12:29:54,earnest_hankard@acme.com,4
11/12/2024 10:28:50,jyoti_lajiri@acme.com,5
11/12/2024 11:37:12,melisag@acme.com,4
11/12/2024 11:50:48,colbya@acme.com,5
11/12/2024 12:16:6,ssmith@acme.com,2
11/13/2024 10:21:41,ncross@acme.com,2
11/13/2024 12:37:8,sheniceg@acme.com,5
11/14/2024 7:57:19,judith_carabbio@acme.com,4
11/14/2024 17:55:13,erasumus_monkfish@acme.com,1
11/15/2024 9:14:20,debbiem@acme.com,3
11/15/2024 18:9:59,jean_engdahl@acme.com,5
11/17/2024 7:37:40,tpetrowsky@acme.com,4
11/17/2024 11:34:34,josephineb@acme.com,5
11/18/2024 8:47:50,sandram@acme.com,5
11/29/2024 9:55:44,joanneh@acme.com,3
12/4/2024 9:38:6,hrivera@acme.com,5
12/6/2024 15:43:6,randall_pearson@acme.com,4
1/5/2025 16:26:37,nsadki@acme.com,5
1/5/2025 19:6:52,tsullivan@acme.com,4
1/6/2025 16:25:46,snehaj@acme.com,4
1/7/2025 8:22:25,lcornett@acme.com,5
1/7/2025 12:30:38,mariag@acme.com,3
1/7/2025 16:38:39,vito_corleone@acme.com,5
1/8/2025 10:46:50,kissys@acme.com,3
1/8/2025 19:2:28,louisp@acme.com,5
1/9/2025 13:53:6,alejandro_bacong@acme.com,4
1/9/2025 18:45:25,arose@acme.com,3
1/10/2025 7:57:44,barbarams@acme.com,5
1/10/2025 9:26:41,edriver@acme.com,5
1/10/2025 14:50:30,lily_dinocco@acme.com,4
1/10/2025 16:25:8,tozark@acme.com,5
1/10/2025 17:36:16,lindad@acme.com,4
1/11/2025 7:39:43,pmoran@acme.com,5
1/11/2025 8:3:6,afoster-baker@acme.com,2
1/11/2025 8:13:38,lmahoney@acme.com,2
1/11/2025 10:59:27,lfidelia@acme.com,4
1/11/2025 15:4:37,edougall@acme.com,5
1/11/2025 17:48:34,sandy_mckenna@acme.com,2
1/12/2025 8:2:4,noellej@acme.com,2
1/12/2025 9:3:19,xpotts@acme.com,5
1/12/2025 12:6:36,broehrich@acme.com,2
1/12/2025 18:32:54,ksimard@acme.com,2
1/13/2025 9:3:37,talagbe@acme.com,4
1/13/2025 11:53:33,jack_torrence@acme.com,4
1/13/2025 19:11:31,wlarotonda@acme.com,5
1/14/2025 7:13:42,msmith@acme.com,5
1/14/2025 8:8:41,john_kretschmer@acme.com,3
1/14/2025 18:55:34,landerson@acme.com,5
1/15/2025 14:50:49,kdel_bosque@acme.com,4
1/22/2025 11:34:33,llindsay@acme.com,3
1/27/2025 18:52:34,sroup@acme.com,4
2/17/2025 8:39:0,clintono@acme.com,4
2/18/2025 8:36:4,nfancett@acme.com,4
2/18/2025 13:56:15,allison_lydon@acme.com,4
2/19/2025 16:35:57,peterm@acme.com,1
2/20/2025 9:26:12,lorir@acme.com,5
2/20/2025 10:8:26,bknapp@acme.com,1
2/21/2025 13:39:57,tanya_morway@acme.com,1
2/21/2025 14:6:35,jhudson@acme.com,5
2/21/2025 14:59:10,francesco_barone@acme.com,3
2/21/2025 15:49:21,meit@acme.com,5
2/21/2025 16:27:43,myriamg@acme.com,4
2/21/2025 17:59:30,bonalynb@acme.com,3
2/22/2025 10:27:10,ricks@acme.com,3
2/22/2025 12:51:0,april_evensen@acme.com,3
2/23/2025 15:7:22,lord_voldemort@acme.com,2
2/24/2025 12:14:42,taylors@acme.com,1
2/25/2025 12:26:5,jeanettet@acme.com,5
2/25/2025 14:8:4,edward_true@acme.com,3
2/26/2025 17:3:31,jenna_dietrich@acme.com,1
2/27/2025 17:13:38,nbates@acme.com,4
3/6/2025 12:41:55,noahv@acme.com,1
3/9/2025 11:33:22,jburke@acme.com,4
3/12/2025 17:10:59,fkreuger@acme.com,4
3/30/2025 17:32:9,raul_garcia@acme.com,5
4/1/2025 13:44:31,fcostello@acme.com,3
4/1/2025 19:9:3,jayne_horton@acme.com,5
4/2/2025 8:10:44,michael_carey@acme.com,1
4/2/2025 15:54:4,swarfield@acme.com,4
4/3/2025 7:26:21,jennifer_medeiros@acme.com,5
4/3/2025 7:33:21,karthikeyana@acme.com,3
4/3/2025 11:56:56,jzhou@acme.com,1
4/3/2025 12:39:27,amon_goeth@acme.com,5
4/3/2025 13:7:50,miguele@acme.com,3
4/3/2025 14:44:32,bobaf@acme.com,4
4/4/2025 9:11:7,bcarthy@acme.com,5
4/4/2025 11:51:15,brossetti@acme.com,4
4/4/2025 12:3:56,sharin@acme.com,3
4/4/2025 14:1:33,seanb@acme.com,2
4/4/2025 14:32:2,denisa_dobrin@acme.com,5
4/5/2025 11:31:52,lynn_o'hare@acme.com,1
4/5/2025 13:16:40,jumilt@acme.com,3
4/5/2025 17:19:38,dawn_motlagh@acme.com,4
4/6/2025 10:11:4,diannab@acme.com,2
4/6/2025 17:48:12,rex_england@acme.com,2
4/6/2025 18:53:43,mildredg@acme.com,5
4/7/2025 7:36:13,mariannee@acme.com,3
4/9/2025 13:14:41,benjaminb@acme.com,5
4/9/2025 15:16:53,courtneyb@acme.com,5
4/9/2025 17:33:9,shana_petingill@acme.com,5
4/16/2025 11:37:5,jzamora@acme.com,4
4/17/2025 8:10:6,jasonf@acme.com,5
5/1/2025 8:47:12,gleruth@acme.com,3
5/2/2025 14:1:39,amyd@acme.com,3
5/3/2025 18:17:45,nans@acme.com,4
5/5/2025 11:52:50,lynn_daneault@acme.com,5
5/6/2025 15:36:44,lisag@acme.com,2
5/7/2025 16:26:33,debra_houlihan@acme.com,3
5/12/2025 13:51:6,normans@acme.com,2
5/13/2025 7:39:7,geoffd@acme.com,4
5/13/2025 16:1:9,kren@acme.com,3
5/14/2025 9:55:3,anton_chigurh@acme.com,5
5/14/2025 9:55:18,linc@acme.com,4
5/14/2025 11:12:12,luisam@acme.com,3
5/14/2025 13:31:46,susang@acme.com,3
5/14/2025 14:5:1,hlecter@acme.com,1
5/14/2025 19:3:7,kara_harrison@acme.com,3
5/15/2025 17:23:8,malikim@acme.com,5
5/17/2025 9:30:33,mpower@acme.com,5
5/18/2025 7:53:37,nfernandes@acme.com,5
5/18/2025 14:19:11,johns@acme.com,5
5/18/2025 15:19:49,lenora_tejeda@acme.com,4
5/18/2025 15:47:22,barbarag@acme.com,4
5/19/2025 11:37:27,richardn@acme.com,4
5/19/2025 19:10:30,barbara_sutwell@acme.com,5
6/2/2025 9:14:11,shana_maurice@acme.com,4
6/7/2025 17:16:23,egray@acme.com,3
6/8/2025 14:13:12,rosalieh@acme.com,4
6/15/2025 15:56:52,julias@acme.com,5
7/2/2025 15:42:38,jdarson@acme.com,4
7/4/2025 16:20:40,davidg@acme.com,1
7/5/2025 10:36:5,marilyn_linares@acme.com,1
7/6/2025 17:9:44,wadinolfi@acme.com,4
7/6/2025 18:6:10,lindab@acme.com,3
7/6/2025 18:58:4,jking@acme.com,4
7/7/2025 8:23:5,yjohnston@acme.com,1
7/7/2025 9:4:6,tjeannite@acme.com,1
7/7/2025 10:1:22,jackiev@acme.com,3
7/7/2025 19:2:12,avon_massenbach@acme.com,1
7/8/2025 9:10:22,angela_erilus@acme.com,4
7/9/2025 11:2:41,jasonw@acme.com,4
7/9/2025 12:51:13,mmyers@acme.com,5
7/9/2025 14:14:39,andrew_szabo@acme.com,5
7/9/2025 18:42:46,enricol@acme.com,5
7/10/2025 7:24:29,scottb@acme.com,4
7/10/2025 10:42:45,carld@acme.com,4
7/11/2025 9:55:9,helenb@acme.com,2
7/11/2025 17:24:58,mathewl@acme.com,2
7/12/2025 16:16:26,cayo_gonzalez@acme.com,5
7/13/2025 7:13:34,dheepan@acme.com,5
7/13/2025 17:48:35,donovan_chang@acme.com,5
7/14/2025 7:49:40,eliasr@acme.com,5
7/14/2025 19:8:1,megan_faller@acme.com,4
7/15/2025 10:1:13,lei-mingn@acme.com,4
7/15/2025 16:5:52,jcockel@acme.com,4
7/22/2025 9:55:32,mcorleone@acme.com,3
8/1/2025 17:16:55,vincentv@acme.com,3
8/15/2025 12:28:20,aheitzman@acme.com,2
8/16/2025 18:38:53,bmiller@acme.com,3
8/17/2025 18:45:4,max_cady@acme.com,3
8/18/2025 18:59:30,rwalker@acme.com,5
8/19/2025 9:11:25,sshields@acme.com,5
8/23/2025 9:17:26,michellec@acme.com,4
8/23/2025 9:19:36,lisa_lunquist@acme.com,5
8/23/2025 9:57:8,bkhemmich@acme.com,5
8/23/2025 16:46:0,ahitchcock@acme.com,4
8/25/2025 7:57:55,roxana_goyal@acme.com,5
8/25/2025 13:38:48,rose_ivey@acme.com,3
8/25/2025 15:9:17,lowanmb@acme.com,1
9/2/2025 14:0:48,adils@acme.com,4
9/6/2025 11:32:16,rick_clayton@acme.com,4
9/12/2025 14:10:13,maruk_fraval@acme.com,2
9/20/2025 11:54:29,amyd@acme.com,5
9/28/2025 13:48:3,cstrong@acme.com,4
9/29/2025 8:54:19,kamrins@acme.com,4
9/29/2025 11:59:52,qrarrick@acme.com,4
9/29/2025 14:4:27,joe_smith@acme.com,4
9/29/2025 17:28:35,tyrone_steans@acme.com,4
9/30/2025 12:47:30,kramer_keatts@acme.com,4
9/30/2025 15:52:23,smaclennan@acme.com,4
9/30/2025 15:53:10,nbarton@acme.com,5
10/1/2025 8:38:0,jonque@acme.com,4
10/1/2025 8:47:21,aforrest@acme.com,3
10/1/2025 15:31:5,sterry@acme.com,2
10/1/2025 18:12:25,dallasl@acme.com,2
10/2/2025 12:17:49,sam_athwal@acme.com,4
10/2/2025 12:51:0,pgosciminski@acme.com,3
10/3/2025 7:29:10,colleen_zima@acme.com,5
10/3/2025 10:33:29,noris@acme.com,5
10/3/2025 13:50:41,adelarge@acme.com,4
10/3/2025 14:54:34,aosturnka@acme.com,3
10/3/2025 16:31:12,evelyng@acme.com,3
10/5/2025 8:52:24,ketsia_liebig@acme.com,4
10/5/2025 11:44:52,bchace@acme.com,5
10/5/2025 12:54:10,anitas@acme.com,3
10/5/2025 15:53:34,hjacobi@acme.com,5
10/6/2025 8:20:43,jbuccheri@acme.com,2
10/6/2025 18:49:25,hang_wolk@acme.com,5
10/7/2025 11:36:37,ccierpiszewski@acme.com,5
10/8/2025 10:6:43,kspirea@acme.com,4
10/30/2025 17:39:57,mia_brown@acme.com,4
11/8/2025 8:44:5,mjackson@acme.com,4
11/9/2025 19:6:34,georgej@acme.com,4
11/10/2025 11:20:52,knowlan@acme.com,5
11/10/2025 15:12:24,adells@acme.com,3
11/11/2025 8:41:18,josephineb@acme.com,5
11/11/2025 18:17:49,bradp@acme.com,1
11/11/2025 18:43:49,erasumus_monkfish@acme.com,1
11/12/2025 10:19:16,colbya@acme.com,5
11/12/2025 13:7:2,ddavis@acme.com,2
11/12/2025 16:29:20,sandram@acme.com,5
11/13/2025 11:28:18,debbiem@acme.com,3
11/13/2025 13:28:3,ann_daniele@acme.com,5
11/15/2025 8:21:48,ncross@acme.com,2
11/15/2025 15:29:35,hector_barbossa@acme.com,3
11/15/2025 16:59:19,jyoti_lajiri@acme.com,5
11/16/2025 11:36:13,ssmith@acme.com,2
11/17/2025 8:35:39,judith_carabbio@acme.com,5
11/17/2025 10:52:5,jean_engdahl@acme.com,5
11/17/2025 11:28:40,sheniceg@acme.com,5
11/17/2025 18:9:29,tpetrowsky@acme.com,4
11/18/2025 13:5:58,earnest_hankard@acme.com,4
11/30/2025 8:49:22,joanneh@acme.com,3
12/5/2025 13:23:31,hrivera@acme.com,5
1/5/2026 14:59:33,noellej@acme.com,2
1/6/2026 8:59:13,arose@acme.com,3
1/6/2026 12:26:41,tsullivan@acme.com,4
1/6/2026 14:46:56,tozark@acme.com,5
1/7/2026 9:35:32,mariag@acme.com,3
1/7/2026 12:21:10,brandon_leblanc@acme.com,5
1/8/2026 7:25:4,snehaj@acme.com,5
1/8/2026 10:18:13,lmahoney@acme.com,2
1/8/2026 11:25:3,lily_dinocco@acme.com,3
1/8/2026 13:43:52,lindad@acme.com,4
1/9/2026 9:52:10,nsadki@acme.com,5
1/9/2026 12:29:15,lcornett@acme.com,5
1/9/2026 18:42:5,kdel_bosque@acme.com,4
1/10/2026 12:50:8,lfidelia@acme.com,4
1/11/2026 9:36:25,landerson@acme.com,5
1/11/2026 10:6:32,edougall@acme.com,5
1/11/2026 10:48:41,afoster-baker@acme.com,1
1/11/2026 12:19:30,broehrich@acme.com,2
1/11/2026 15:11:44,sandy_mckenna@acme.com,2
1/12/2026 11:19:53,jack_torrence@acme.com,4
1/12/2026 12:17:41,alejandro_bacong@acme.com,4
1/12/2026 12:28:26,ksimard@acme.com,2
1/12/2026 13:5:46,kissys@acme.com,3
1/12/2026 15:36:11,vito_corleone@acme.com,5
1/12/2026 16:2:0,wlarotonda@acme.com,5
1/13/2026 7:55:52,louisp@acme.com,4
1/13/2026 7:57:7,talagbe@acme.com,4
1/14/2026 8:12:52,barbarams@acme.com,5
1/14/2026 8:51:49,pmoran@acme.com,5
1/14/2026 9:50:32,xpotts@acme.com,5
1/14/2026 11:12:29,john_kretschmer@acme.com,2
1/16/2026 15:54:42,edriver@acme.com,5
1/23/2026 16:53:45,sroup@acme.com,4
1/26/2026 9:49:29,llindsay@acme.com,3
1/30/2026 13:24:50,ccandie@acme.com,2
2/16/2026 7:47:36,allison_lydon@acme.com,5
2/16/2026 11:54:45,myriamg@acme.com,4
2/18/2026 16:13:19,clintono@acme.com,4
2/18/2026 16:22:51,ricks@acme.com,4
2/19/2026 16:16:39,nfancett@acme.com,4
2/20/2026 8:50:35,lorir@acme.com,5
2/21/2026 7:16:41,bknapp@acme.com,1
2/21/2026 12:48:59,peterm@acme.com,2
2/22/2026 9:12:15,tanya_morway@acme.com,1
2/23/2026 11:53:39,francesco_barone@acme.com,3
2/23/2026 12:2:21,bonalynb@acme.com,2
2/23/2026 13:47:13,jeanettet@acme.com,4
2/23/2026 18:27:14,meit@acme.com,5
2/24/2026 16:35:52,jhudson@acme.com,5
2/25/2026 17:50:32,jenna_dietrich@acme.com,1
2/27/2026 17:13:39,taylors@acme.com,1
3/7/2026 14:50:17,fkreuger@acme.com,4
3/8/2026 10:46:47,noahv@acme.com,1
3/9/2026 8:36:43,jburke@acme.com,4
3/30/2026 10:12:49,amon_goeth@acme.com,5
3/31/2026 16:17:39,fcostello@acme.com,2
3/31/2026 16:58:42,jayne_horton@acme.com,5
3/31/2026 18:54:46,raul_garcia@acme.com,5
4/1/2026 9:25:6,bobaf@acme.com,3
4/1/2026 14:58:10,bcarthy@acme.com,5
4/1/2026 18:10:23,sharin@acme.com,3
4/2/2026 7:52:19,miguele@acme.com,3
4/2/2026 17:38:25,seanb@acme.com,3
4/3/2026 17:37:52,mildredg@acme.com,5
4/5/2026 7:12:4,rex_england@acme.com,2
4/5/2026 9:58:46,jumilt@acme.com,4
4/5/2026 10:53:13,jzhou@acme.com,1
4/6/2026 8:1:37,jennifer_medeiros@acme.com,5
4/6/2026 10:0:29,lynn_o'hare@acme.com,1
4/6/2026 15:11:44,swarfield@acme.com,4
4/6/2026 15:48:16,courtneyb@acme.com,5
4/7/2026 9:24:26,michael_carey@acme.com,2
4/7/2026 12:43:23,denisa_dobrin@acme.com,4
4/8/2026 11:44:58,shana_petingill@acme.com,5
4/8/2026 13:31:25,benjaminb@acme.com,5
4/8/2026 17:13:33,dawn_motlagh@acme.com,4
4/10/2026 15:5:58,jzamora@acme.com,5
4/10/2026 17:19:45,brossetti@acme.com,5
4/11/2026 12:48:15,diannab@acme.com,2
4/19/2026 15:33:13,jasonf@acme.com,5
4/28/2026 11:39:1,amyd@acme.com,3
5/1/2026 15:7:58,gleruth@acme.com,3
5/5/2026 12:19:28,nans@acme.com,4
5/6/2026 11:26:48,lynn_daneault@acme.com,5
5/8/2026 10:52:28,debra_houlihan@acme.com,3
5/8/2026 11:27:9,lisag@acme.com,2
5/13/2026 11:18:44,kara_harrison@acme.com,3
5/13/2026 12:16:48,luisam@acme.com,3
5/14/2026 7:43:18,rmanchester@acme.com,4
5/14/2026 10:32:20,richardn@acme.com,5
5/14/2026 12:34:31,linc@acme.com,4
5/15/2026 7:20:10,normans@acme.com,2
5/15/2026 12:32:58,kren@acme.com,3
5/17/2026 13:44:15,nfernandes@acme.com,5
5/17/2026 14:42:5,barbarag@acme.com,4
5/18/2026 10:38:33,mpower@acme.com,4
5/18/2026 15:31:2,barbara_sutwell@acme.com,5
5/19/2026 8:2:51,geoffd@acme.com,3
5/19/2026 11:19:5,susang@acme.com,2
5/19/2026 15:35:54,hlecter@acme.com,1
5/20/2026 8:36:24,anton_chigurh@acme.com,5
5/20/2026 17:58:42,malikim@acme.com,5
5/21/2026 8:59:22,johns@acme.com,5
6/2/2026 19:2:20,shana_maurice@acme.com,4
6/5/2026 10:53:43,egray@acme.com,3
6/6/2026 8:25:25,jhunts@acme.com,5
6/9/2026 13:26:43,rosalieh@acme.com,4
6/10/2026 11:38:56,julias@acme.com,5
